auc,eer,threshold,verification_accuracy,num_pairs
0.8825349653579677,0.17288008083140877,0.9220467805862427,0.8274471538239423,100433
