accuracy,precision_macro,recall_macro,f1_macro,cm_eer,eer_threshold
0.999,0.9990025932575305,0.9990001999600079,0.9989998985495648,0.0005999700149978738,0.9660919308662415
