accuracy,precision_macro,recall_macro,f1_macro
0.9672,0.9691700638649716,0.9672000000000001,0.9671655316885454
